지점,지점명,일시,평균기온(°C),최저기온(°C),최저기온 시각(hhmi),최고기온(°C),최고기온 시각(hhmi),강수 계속시간(hr),10분 최다 강수량(mm),10분 최다강수량 시각(hhmi),1시간 최다강수량(mm),1시간 최다 강수량 시각(hhmi),일강수량(mm),최대 순간 풍속(m/s),최대 순간 풍속 풍향(16방위),최대 순간풍속 시각(hhmi),최대 풍속(m/s),최대 풍속 풍향(16방위),최대 풍속 시각(hhmi),평균 풍속(m/s),풍정합(100m),최다풍향(16방위),평균 이슬점온도(°C),최소 상대습도(%),최소 상대습도 시각(hhmi),평균 상대습도(%),평균 증기압(hPa),평균 현지기압(hPa),최고 해면기압(hPa),최고 해면기압 시각(hhmi),최저 해면기압(hPa),최저 해면기압 시각(hhmi),평균 해면기압(hPa),가조시간(hr),합계 일조시간(hr),1시간 최다일사 시각(hhmi),1시간 최다일사량(MJ/m2),합계 일사량(MJ/m2),일 최심신적설(cm),일 최심신적설 시각(hhmi),일 최심적설(cm),일 최심적설 시각(hhmi),합계 3시간 신적설(cm),평균 전운량(1/10),평균 중하층운량(1/10),평균 지면온도(°C),최저 초상온도(°C),평균 5cm 지중온도(°C),평균 10cm 지중온도(°C),평균 20cm 지중온도(°C),평균 30cm 지중온도(°C),0.5m 지중온도(°C),1.0m 지중온도(°C),1.5m 지중온도(°C),3.0m 지중온도(°C),5.0m 지중온도(°C),합계 대형증발량(mm),합계 소형증발량(mm),9-9강수(mm),기사,안개 계속시간(hr)
114,원주,2021-01-01,-6.1,-12,656,-.3,1424,,,,,,,4.9,290,1411,2.4,290,1435,.6,561,90,-10.7,39,1233,71.3,2.8,1006.8,1028.6,1014,1024.2,1521,1026.3,9.7,7.4,1100,2.02,10.72,,,,,,1.3,0,-4.9,-17.2,,,,,,,,,,.8,1.2,,,
114,원주,2021-01-02,-4.9,-9,746,-.7,1425,,,,,,,7.1,290,1427,3.8,290,1441,1,838,230,-14.6,21,1346,53.4,2.1,1009.5,1031.5,2339,1025.7,6,1028.9,9.7,8.6,1200,1.93,11.59,,,,,,0,0,-5.1,-15.8,,,,,,,,,,1.3,1.9,,,
114,원주,2021-01-03,-5.6,-10.5,733,-1,1515,,,,,,,5.1,250,1226,2.4,290,1324,.7,636,90,-14.8,27,1150,50.5,2,1014.6,1036,922,1031.5,1,1034.1,9.7,5.6,1200,1.87,9.04,,,,,,3.1,0,-5.7,-16.9,,,,,,,,,,.8,1.2,,,
114,원주,2021-01-04,-3.9,-11.2,744,1.5,1450,,,,,,0,2.7,320,1355,1.7,290,1400,.5,441,20,-13.7,18,1345,50.8,2.2,1012.4,1035.1,256,1028,2244,1031.8,9.7,7.2,1200,1.74,9.84,,,,,,4.1,3.8,-4,-17.1,,,,,,,,,,1,1.4,,,
114,원주,2021-01-05,-3.8,-8.9,2347,-.7,1,,,,,,0,7.3,290,1344,3.7,270,1140,1.3,1090,270,-14.9,17,1401,46.5,2.2,1010,1031.6,958,1027.8,407,1029.3,9.7,7.9,1200,1.89,10.65,,,,,,2.3,1.4,-2.9,-16.3,,,,,,,,,,1.2,1.8,,,
114,원주,2021-01-06,-7.4,-13.7,751,-3.1,2036,,,,,,.4,9.2,180,2359,4.1,200,2042,1.1,923,200,-16.3,21,1550,52.8,1.8,1004.2,1029.8,244,1015.3,2359,1023.7,9.7,8.7,1200,1.95,11.47,,,,,,1.4,1.4,-6.1,-19.7,,,,,,,,,,1.2,1.6,,,
114,원주,2021-01-07,-12.6,-15.1,740,-4,4,,,,,,.5,12.4,290,251,5.3,290,135,2.5,2133,290,-23.8,27,1500,38.9,.9,1005.6,1028,949,1015.2,4,1025.6,9.7,8.7,1200,2.03,11.7,,,,,,2,.1,-3,-24.3,,,,,,,,,,.8,1.1,,,
114,원주,2021-01-08,-13.6,-17.8,806,-9.9,1558,,,,,,,7.5,290,1501,3.7,270,1453,1.2,1043,230,-24.4,30,1123,40,.9,1004.9,1027.6,741,1022.2,1612,1024.9,9.7,8.7,1200,2,11.75,,,,,,3.4,0,-5.3,-25.6,,,,,,,,,,.7,1,,,
114,원주,2021-01-09,-12.4,-18.4,652,-7.5,1425,,,,,,,6.9,250,1432,3.1,270,1437,1,827,270,-21.1,33,1215,49.8,1.2,1005.1,1027.5,2359,1022.3,1524,1025,9.8,8.7,1200,1.93,11.4,,,,,,3.6,0,-5.9,-24.5,,,,,,,,,,.7,1.1,,,
114,원주,2021-01-10,-9.6,-16.9,803,-3.7,1531,,,,,,,2.5,70,1415,1.7,50,1253,.4,364,90,-17.5,33,1234,54.8,1.6,1008.9,1030.7,938,1026.3,1519,1028.7,9.8,7.7,1200,1.94,11.18,,,,,,1.3,0,-5.3,-21.8,,,,,,,,,,.8,1.1,,,
114,원주,2021-01-11,-8.8,-12.8,528,-4.5,1542,,,,,,,2.5,50,245,1.5,50,249,.4,304,50,-13.6,51,1556,69,2.2,1007.7,1031.7,237,1023.7,2350,1027.4,9.8,.2,1200,.68,4.23,,,,,,8,1.6,-5.2,-20,,,,,,,,,,.3,.5,,,
114,원주,2021-01-12,-5.4,-13.2,724,.9,1604,,,,,,.1,4.4,230,1732,2.5,230,1708,.5,465,230,-9.9,46,1354,72.1,3.1,999.6,1023.9,19,1014.9,1640,1018.8,9.8,5.1,1100,2.02,9.01,,,,,,4.4,3.1,-4,-19.8,,,,,,,,,,.7,1,,,
114,원주,2021-01-13,2.2,-5.4,511,8.5,1507,,,,,,0,7.2,180,1248,3.9,230,1451,1.1,958,230,-2.1,43,1531,75.6,5.3,997,1018.7,2358,1012.3,1501,1015.6,9.8,5.1,1200,1.74,8,,,,,,3.1,1.9,-.2,-11.8,,,,,,,,,,1.1,1.6,,,
114,원주,2021-01-14,1,-4.1,744,7.4,1613,,,,,,,2.7,200,11,1.5,20,949,.4,357,20,-5.5,32,1428,65.3,4.1,1003.4,1025.2,932,1018.6,12,1022.2,9.9,8.1,1100,1.75,10.66,,,,,,.6,0,-.4,-10.7,,,,,,,,,,1.1,1.6,,,
114,원주,2021-01-15,4.4,-2.9,226,11.5,1447,,,,,,0,9,180,1225,4.3,200,1229,1.4,1183,230,-1,53,1033,68.3,5.9,998,1021.8,129,1011.1,1427,1016.5,9.9,.7,1200,.64,2.99,,,,,,9.1,4.8,.3,-7.9,,,,,,,,,,.8,1.2,,,
114,원주,2021-01-16,-2.3,-5.7,2351,2.2,1,,,,,,0,6.8,180,1309,3.6,200,1312,1.7,1450,200,-8.8,29,1637,61.4,3.2,1005.4,1027.5,2338,1018.5,14,1024.5,9.9,5.5,1300,1.49,7.21,,,,,,4.6,3,-1.6,-9.4,,,,,,,,,,.9,1.2,,,
114,원주,2021-01-17,-5,-10.1,805,-1.5,1608,,,,,,0,5.4,230,1441,2.6,250,1433,1,862,230,-14.8,26,1344,47.6,2.1,1008.1,1031.2,936,1023.8,2309,1027.5,9.9,8.2,1200,2.05,11.68,,,,,,4.5,3.3,-4.7,-15.9,,,,,,,,,,1,1.5,,,
114,원주,2021-01-18,-3.1,-6.7,2341,.8,1342,,,,,,.4,11.9,290,1534,5,290,1817,1.4,1247,270,-9.4,29,1814,65.6,3.3,1002.1,1028,2343,1016.1,1357,1021.2,10,.8,1100,.7,3.55,,,,,,5.6,3.9,-2.2,-12.5,,,,,,,,,,.6,.9,,,
114,원주,2021-01-19,-6.9,-12.5,746,-1.2,1622,,,,,,,3.4,290,1,2,290,6,.6,559,20,-16.3,20,1418,50.5,1.7,1013,1034.4,1058,1027.8,1,1032.6,10,8.9,1200,2.06,12.16,,,,,,1.9,0,-5.4,-17.1,,,,,,,,,,1,1.5,,,
114,원주,2021-01-20,-3.4,-10.6,724,6.2,1529,,,,,,,2.2,270,1246,1.3,20,550,.4,365,20,-11.6,24,1402,56.1,2.6,1011.8,1034.6,536,1028,1715,1031.2,10,8.8,1200,1.95,11.34,,,,,,1,0,-4.2,-15.3,,,,,,,,,,1.2,1.7,,,
114,원주,2021-01-21,2.6,-3.8,2,7.8,1520,,,,,,3.8,2.5,250,1058,1.5,250,1104,.4,309,250,-2.7,43,1236,70.3,5.3,1005.3,1029.5,1,1020.6,2311,1024.1,10,1,1000,1.15,5.13,,,,,,9.3,7.8,.6,-8.6,,,,,,,,,,.7,1,,,
114,원주,2021-01-22,5.5,3.2,406,8.1,1424,,,,,,.1,2,250,1546,1.3,160,1328,.3,262,50,4.2,83,1355,92,8.3,1001.3,1021,949,1018.2,1424,1019.7,10.1,0,1100,.82,4.1,,,,,,7.8,6.9,3.1,-.8,,,,,,,,,,.5,.7,,,
114,원주,2021-01-23,6,.5,742,13,1326,,,,,,,6.6,90,1518,3.1,70,1336,1,840,20,.8,46,1327,72.8,6.5,1002.5,1023.6,2256,1018.3,1403,1020.9,10.1,4.9,1100,1.51,8.16,,,,,,7.1,2.1,2.7,-4.1,,,,,,,,,,1.2,1.8,,,
114,원주,2021-01-24,4.7,-1.1,720,12.4,1559,,,,,,,3.7,20,1449,2.2,20,1458,.5,409,20,-.5,40,1445,71.5,5.9,1007.5,1028.6,2357,1023.5,1,1026.2,10.1,8.3,1200,2.06,12.13,,,,,,3.1,0,2.5,-6.6,,,,,,,,,,1.4,2,,,
114,원주,2021-01-25,4.5,-1.1,643,13.8,1558,,,,,,,2.4,50,953,1.5,50,956,.4,363,20,-1.4,30,1600,68.6,5.5,1007.9,1031,302,1022.9,1601,1026.6,10.1,8.1,1300,1.67,10.2,,,,,,6.1,1.5,2.3,-6.3,,,,,,,,,,1.3,1.9,,,
114,원주,2021-01-26,4.3,2.2,318,6.2,1716,,,,,,2.4,4.8,270,2351,2.6,270,2400,.6,537,50,1.1,64,549,79.9,6.7,1001.4,1023.3,1,1017.1,1625,1020,10.2,0,1400,.8,2.32,,,,,,8.8,7.1,2.3,-1.9,,,,,,,,,,.4,.6,,,
114,원주,2021-01-27,2.3,-1.2,749,6.6,1455,,,,,,,4.4,250,27,2.4,270,2,.7,616,200,-5.9,25,1451,59,4.1,1004.4,1025.3,912,1021.1,1,1023.2,10.2,8,1200,2.16,11.6,,,,,,5.9,.5,2.1,-7.3,,,,,,,,,,1.4,2,,,
114,원주,2021-01-28,-2.2,-7.7,2348,4.1,1051,,,,,,.7,15.7,270,1800,8,270,1535,2.7,2290,290,-10.8,21,1634,55.1,3,997.7,1022.3,2351,1011.4,1340,1016.7,10.2,2.3,900,.86,4.37,,,,,,6.6,3.1,-1.4,-9.9,,,,,,,,,,1.2,1.7,,,
114,원주,2021-01-29,-7.3,-10.8,746,-3.6,1632,,,,,,,8.2,270,111,4.2,270,1534,2,1768,270,-21.5,21,1345,32.3,1.1,1006.9,1028.6,2356,1022.3,2,1026.4,10.3,9.3,1200,2.27,13.86,,,,,,0,0,-4.8,-13.9,,,,,,,,,,1.3,1.9,,,
114,원주,2021-01-30,-4.3,-9.4,252,3.2,1609,,,,,,0,3.4,20,902,2.1,20,908,.6,558,20,-9,45,1,70,3.3,1007.3,1029.5,2351,1024.4,1347,1026.6,10.3,3.2,1400,1.24,5.58,,,,,,4.4,3.5,-2.9,-13.1,,,,,,,,,,.5,.8,,,
114,원주,2021-01-31,.6,-7.6,648,9.7,1431,,,,,,,6.4,200,1448,3.5,200,1427,.6,534,50,-5.5,26,1349,67.5,4.1,1008.6,1032.1,829,1022.6,2350,1027.6,10.3,8.4,1200,2.29,12.67,,,,,,2.8,.6,-1.3,-13.3,,,,,,,,,,1.4,2,,,
114,원주,2021-02-01,5,1.6,11,10.2,1510,,,,,,1.9,7.6,290,2348,3.8,270,2318,1.2,1026,270,.7,42,2354,75.6,6.7,997.9,1022.5,1,1012,1452,1016.4,10.3,1.8,1300,1.11,5.3,,,,,,7.3,5.3,2,-1.2,,,,,,,,,,1.1,1.6,,,
114,원주,2021-02-02,-3.6,-5.9,2353,2.3,1,,,,,,0,9.3,290,1709,5,290,1535,2.6,2208,270,-17,19,1225,37.8,1.8,1005.9,1027.1,2355,1019.4,1,1025.1,10.4,9.3,1200,2.33,14.26,,,,,,2,1,-1.2,-9,,,,,,,,,,1.6,2.3,,,
114,원주,2021-02-03,-3.1,-9.2,708,1.2,1537,,,,,,.8,6.6,270,47,3.3,270,53,1.3,1162,180,-12.5,30,1401,50.5,2.5,1006.6,1029.7,834,1021.2,2354,1025.9,10.4,9.1,1200,2.28,13.8,,,,,,3.3,1.6,-1.4,-14.6,,,,,,,,,,1.5,2.2,,,
114,원주,2021-02-04,-2.4,-5.4,740,.2,1519,,,,,,.4,6,270,1334,3.3,270,1320,1.4,1218,270,-12.6,27,1705,47.6,2.5,1007.7,1029.3,935,1020.4,43,1026.8,10.5,9.4,1200,2.45,13.88,,,,,,1.3,.1,-.4,-13.6,,,,,,,,,,1.4,2,,,
114,원주,2021-02-05,-.1,-4.4,1,5.6,1541,,,,,,,4.4,230,1523,2.6,250,1529,.6,504,90,-6.8,45,1625,61.5,3.8,1002.9,1027.5,218,1017.8,1747,1021.8,10.5,3.1,1300,1.5,8.18,,,,,,7,5.5,.2,-7.4,,,,,,,,,,.9,1.3,,,
114,원주,2021-02-06,5,-1.4,1,10.2,1544,,,,,,,5.9,230,1405,3.1,250,1410,.6,523,250,.1,56,1543,71,6.2,997.4,1018.6,1,1013.8,1609,1015.8,10.5,2.7,1300,1.37,7.13,,,,,,4.9,4.3,1.7,-5.5,,,,,,,,,,1,1.4,,,
114,원주,2021-02-07,5.7,.3,2343,10.3,1453,,,,,,0,8.2,270,1525,4.5,270,1529,1.6,1398,270,-3.3,25,1727,56.5,5.2,1001.7,1023.5,2359,1016.2,1,1020.2,10.6,5.9,1300,1.9,9.76,,,,,,3.3,.9,3.5,-6.7,,,,,,,,,,1.8,2.5,,,
114,원주,2021-02-08,-1.7,-4.4,713,1,1438,,,,,,,8.1,270,1516,4.3,270,1326,2,1764,270,-15.1,20,1434,37.3,2,1008.1,1029.5,2400,1023.5,1,1027.2,10.6,9.5,1200,2.42,15.22,,,,,,0,0,-.2,-9.5,,,,,,,,,,2,2.8,,,
114,원주,2021-02-09,-1.1,-6.5,650,4.6,1519,,,,,,,6.2,250,22,2.9,250,1509,1.1,935,270,-12.5,25,1520,43.4,2.4,1009.4,1030.6,917,1026,1639,1028.6,10.6,9.6,1200,2.39,14.89,,,,,,0,0,-.3,-11.6,,,,,,,,,,1.7,2.5,,,
114,원주,2021-02-10,1.7,-2.9,744,6.1,1339,,,,,,,4,290,1435,2.2,270,1444,.5,475,340,-4.7,49,1220,62.9,4.4,1007,1028,17,1023.7,1713,1025.9,10.7,.5,1200,1.51,6.27,,,,,,6.8,6.1,0,-7.9,,,,,,,,,,.8,1.1,,,
114,원주,2021-02-11,4.1,-1.8,648,10.9,1625,,,,,,,2.8,20,1206,1.4,20,1138,.5,410,50,-1.7,43,1446,67.9,5.4,1006.9,1028.5,1035,1022.8,1704,1025.6,10.7,8.3,1200,2.1,13.07,,,,,,5.6,1,3.4,-8,,,,,,,,,,1.4,2.1,,,
114,원주,2021-02-12,5.2,-1.3,734,13.7,1444,,,,,,,4,230,1542,1.9,270,1455,.4,383,250,-4,19,1409,56.8,4.6,1006.5,1026.4,836,1022.9,1525,1025.1,10.7,8.8,1200,2.36,14.36,,,,,,3.8,.9,3.9,-6.7,,,,,,,,,,2.1,3,,,
114,원주,2021-02-13,5.7,-1.9,645,15.7,1612,,,,,,,2.4,20,1231,1.5,20,1236,.4,361,20,-5.8,14,1642,49.6,4,1006,1028.3,800,1021.4,1630,1024.6,10.8,9.6,1200,2.34,14.79,,,,,,1.6,0,4.2,-7.6,,,,,,,,,,2.2,3.2,,,
114,원주,2021-02-14,8.4,3,151,14.2,1342,,,,,,0,3.1,290,1436,1.5,270,1709,.4,374,110,-1.9,31,1154,49.8,5.4,997,1022.3,1,1010.4,2345,1015.2,10.8,2,1100,1.78,6.81,,,,,,8.9,6.4,4.6,-2.9,,,,,,,,,,1.2,1.7,,,
114,원주,2021-02-15,2.6,-3.7,2355,8.4,422,,,,,,.3,10.9,250,1402,6.5,270,1357,2.4,2092,250,-5.7,35,1556,56.9,4.5,991.8,1017.1,2332,1007.3,1009,1010.3,10.8,3.3,1300,1.61,5.7,,,,,,5.9,5.1,2.6,-6.3,,,,,,,,,,1.2,1.7,,,
114,원주,2021-02-16,-4.6,-6.4,736,-2.8,1156,,,,,,.8,8.3,270,2224,3.7,270,2228,1.6,1341,290,-11.4,38,2207,59.4,2.6,997.2,1018.7,238,1014.3,1701,1016.4,10.9,2.5,1200,1.05,6.29,,,,,,2.5,2.1,-1.7,-11.1,,,,,,,,,,.9,1.2,,,
114,원주,2021-02-17,-7.4,-9.6,742,-4.5,1553,,,,,,,9.9,250,1446,5.2,270,1529,3.2,2792,270,-19.2,27,1549,38.6,1.4,998.3,1020.5,2245,1015.3,1439,1017.6,10.9,9.8,1200,2.47,15.83,,,,,,.9,.1,-2,-12.1,,,,,,,,,,1.5,2.1,,,
114,원주,2021-02-18,-6,-10,518,-1.7,1623,,,,,,,6.2,200,1221,3,320,1409,1.4,1187,270,-16.8,30,1543,42.9,1.7,1002.8,1023.5,2151,1020.1,117,1022.2,11,9.8,1200,2.58,16.51,,,,,,.6,0,-2.1,-14.1,,,,,,,,,,1.4,2,,,
114,원주,2021-02-19,0,-9.2,731,8,1730,,,,,,,6.4,200,1536,3,230,1620,.8,682,50,-6.9,42,1243,60.9,3.8,999.2,1024.2,204,1012,2357,1018.1,11,9.7,1200,2.43,15.66,,,,,,1.9,.9,.2,-13.1,,,,,,,,,,1.7,2.5,,,
114,원주,2021-02-20,8.4,2.6,13,14.7,1520,,,,,,,6.5,230,1623,3.2,250,1629,1.1,956,270,-1.4,26,1452,53.8,5.6,991.9,1012,1,1008.8,422,1010,11,8,1200,2.35,14,,,,,,2.9,2.3,4.4,-3.6,,,,,,,,,,2.3,3.3,,,
114,원주,2021-02-21,10,-.2,707,20.4,1521,,,,,,,8.3,230,1414,4.5,250,1422,1.1,986,250,-.3,29,1609,51.9,6.1,992.2,1012.4,210,1007.2,1611,1010.2,11.1,9.7,1200,2.33,14.93,,,,,,.1,0,6.1,-4.8,,,,,,,,,,2.8,4,,,
114,원주,2021-02-22,8.8,3,2358,16.1,1454,,,,,,,8.9,250,1530,4.8,270,1623,1.6,1349,250,-1,20,1940,52.8,6,995.5,1021.4,2400,1010.4,1359,1013.6,11.1,9.1,1200,2.29,14.26,,,,,,1.3,.3,6,-1.6,,,,,,,,,,2.8,4,,,
114,원주,2021-02-23,1.9,-1.2,654,6.4,1452,,,,,,,5.3,290,1405,2.9,270,1410,1.4,1213,230,-15.4,15,1505,28,1.9,1006.1,1027.2,937,1021.4,1,1024.9,11.1,9.9,1300,2.48,16.6,,,,,,.9,0,2.1,-8.8,,,,,,,,,,2.3,3.3,,,
114,원주,2021-02-24,2.7,-3,655,10.4,1547,,,,,,,3,290,1644,1.6,290,1725,.6,504,50,-13.1,10,1547,33.9,2.3,1006.7,1027.9,809,1022.5,1623,1025.4,11.2,8.6,1300,2.48,15.67,,,,,,6.9,.9,2.5,-8.6,,,,,,,,,,2.3,3.2,,,
114,원주,2021-02-25,3.5,-1.3,728,8.5,1603,,,,,,,3.4,20,1651,1.9,20,1653,.4,349,50,-7.9,33,1433,43.8,3.4,1005.5,1026.1,907,1021.4,1607,1024.2,11.2,0,1100,.99,5.88,,,,,,9.6,2.8,1.8,-7.1,,,,,,,,,,.9,1.3,,,
114,원주,2021-02-26,6.4,-1.8,703,14.8,1409,,,,,,,7.7,20,1324,4.4,20,1523,1.2,1046,20,-6.2,17,1410,45.1,3.9,1005.7,1027.5,2353,1020.3,1450,1024.2,11.3,9.4,1200,2.67,17.12,,,,,,4.5,0,3.7,-8,,,,,,,,,,2.9,4.2,,,
114,원주,2021-02-27,6.9,-.1,651,13.7,1528,,,,,,,6.5,140,1801,3.1,160,1802,1.2,1008,160,-3.5,29,1506,50,4.7,1010.7,1030.7,838,1027.4,1526,1029.3,11.3,10.1,1200,2.69,17.24,,,,,,3.6,0,4.6,-6.1,,,,,,,,,,2.8,4,,,
114,원주,2021-02-28,7.3,-1.1,657,14.1,1417,,,,,,0,4.4,270,1421,2.8,290,1428,.8,679,320,-4.3,22,1422,47.3,4.4,1007.8,1030.8,135,1022.3,2358,1026.3,11.3,5.6,1100,2.52,13.4,,,,,,4.9,2,5.5,-7.6,,,,,,,,,,1.9,2.7,,,
114,원주,2021-03-01,5.4,.5,2311,12.3,1140,,,,,,55.5,10.1,20,1754,5.2,20,1914,1.8,1586,20,3.5,42,130,88.3,8,996.8,1022.2,1,1009.2,1545,1015.2,11.4,0,1400,.23,1.24,,,,,,10,5.3,5.1,-.4,,,,,,,,,,.4,.6,,,
114,원주,2021-03-02,1.9,-.3,2400,5.7,1556,,,,,,.7,4.6,20,25,2.2,20,41,.8,725,20,-2.4,48,1704,74.1,5.1,1006,1029.8,2321,1015.4,1,1024.9,11.4,3,1300,2.34,11.92,,,,,,4.8,2.9,3,-6.2,,,,,,,,,,1.2,1.7,,,
114,원주,2021-03-03,2.9,-3,653,8.9,1627,,,,,,,4,230,1233,2,230,1418,.7,622,50,-3.4,28,1623,66.5,4.8,1011,1033.2,852,1027.1,1712,1029.8,11.5,10.3,1100,2.51,16.98,,,,,,4.1,.9,3.7,-7.9,,,,,,,,,,1.8,2.6,,,
114,원주,2021-03-04,4.8,-.1,328,10.4,1536,,,,,,,2.7,50,1629,1.4,50,1634,.3,292,50,-.6,49,1353,69.6,5.9,1006.3,1028.5,1,1021.7,1728,1024.9,11.5,.1,1100,1.21,8.29,,,,,,7.8,.3,4.3,-5.2,,,,,,,,,,1,1.5,,,
114,원주,2021-03-05,7.9,-.2,700,16.4,1614,,,,,,,3.8,290,1534,2.2,270,1537,.6,516,250,1,34,1525,66.3,6.6,1002.6,1023.1,1,1017.4,1450,1020.9,11.5,10.4,1200,2.79,18.79,,,,,,1,0,6.8,-6.2,,,,,,,,,,2.5,3.6,,,
114,원주,2021-03-06,5.7,3.3,2358,9.2,1035,,,,,,,7.6,20,1148,4.4,20,1155,1.5,1268,20,-1.1,49,1023,62.5,5.7,1009.3,1031.4,2323,1022.4,1,1027.9,11.6,2.3,1000,1.81,7.88,,,,,,7.5,5.9,5.4,-.7,,,,,,,,,,1.4,2,,,
114,원주,2021-03-07,6.1,1.1,703,11,1428,,,,,,,4.8,270,1517,2.6,270,1526,1.2,1074,20,-1.6,39,1414,59.1,5.5,1009.7,1031.2,1,1025.3,1539,1028.2,11.6,8.9,1100,2.55,16.99,,,,,,5.1,1.8,6.3,-2.6,,,,,,,,,,2.2,3.1,,,
114,원주,2021-03-08,6.4,-.1,650,13.9,1522,,,,,,,4.7,290,1549,2.9,290,1407,.8,669,290,-1.8,27,1405,60,5.4,1008.2,1029.5,900,1024,1453,1026.7,11.7,10.4,1200,2.78,18.41,,,,,,.1,0,6.2,-6.3,,,,,,,,,,2.8,4,,,
114,원주,2021-03-09,6.7,.4,628,13.1,1640,,,,,,,5.9,230,1821,3.2,250,1822,.9,813,50,-3,25,1248,53,4.9,1007,1027.5,909,1022.4,1600,1025.5,11.7,9.1,1100,2.37,16.06,,,,,,3.8,0,6,-4.9,,,,,,,,,,2.4,3.4,,,
114,원주,2021-03-10,7.8,-.1,655,16.7,1555,,,,,,,4.7,290,1734,2.6,290,1648,.7,592,270,-2.5,22,1556,51.9,5.1,1009.9,1031.3,921,1025.6,1546,1028.4,11.7,10.5,1200,2.81,18.87,,,,,,0,0,6.8,-5.4,,,,,,,,,,2.9,4.1,,,
114,원주,2021-03-11,9.7,1.6,645,17.4,1513,,,,,,,4.5,250,1636,2.3,250,1639,.7,585,90,-4.3,13,1633,43.3,4.6,1007.5,1030.3,831,1022.2,2350,1025.8,11.8,9.4,1300,2.7,17.87,,,,,,7,1.5,8.8,-4.2,,,,,,,,,,2.9,4.1,,,
114,원주,2021-03-12,9.5,8,716,11.3,1115,,,,,,.6,10.6,20,2111,4.6,20,2229,1.8,1569,20,1.3,39,59,56.8,6.8,1003.5,1023,2230,1020.2,1505,1021.7,11.8,0,1300,.65,4.05,,,,,,8,5.4,7.4,5.4,,,,,,,,,,1.2,1.8,,,
114,원주,2021-03-13,9,2.6,632,14.7,1506,,,,,,,5.4,270,1824,2.9,270,1558,1,880,250,1.1,37,1315,61.1,6.6,1002.7,1024.4,819,1018.1,1718,1021,11.8,8.7,1200,2.7,17.16,,,,,,3.3,.6,9.5,-3.5,,,,,,,,,,2.4,3.4,,,
114,원주,2021-03-14,9,5.7,734,13.1,1524,,,,,,,4.3,320,1433,2.2,320,1439,.8,653,90,2.4,48,1523,64.6,7.3,1001.7,1021.9,836,1018.4,1654,1019.9,11.9,2.5,1000,1.93,10.05,,,,,,4.1,2.4,8.6,1.4,,,,,,,,,,1.4,2,,,
114,원주,2021-03-15,10.2,2.7,635,16.5,1425,,,,,,.2,6.5,270,1610,3.5,200,1242,1.1,980,270,2.4,35,1350,62.9,7.3,998.2,1020.3,759,1012.8,1700,1016.3,11.9,6,1100,2.63,15.28,,,,,,7.8,2.9,10,-3.2,,,,,,,,,,2.5,3.6,,,
114,원주,2021-03-16,10.3,5.4,2356,15.7,1545,,,,,,1.9,7.6,250,1650,4,230,1658,1.8,1543,230,-.8,17,1514,51.5,6.3,996.5,1018.4,2341,1011.5,356,1014.6,12,10.2,1300,2.98,20.73,,,,,,1.6,1.4,12.4,-1.8,,,,,,,,,,3.6,5.2,,,
114,원주,2021-03-17,8.9,1.3,656,17.3,1544,,,,,,,4.1,290,1546,2,270,1722,.7,619,50,-2.5,21,1632,48.5,5.1,1000.8,1020.9,858,1016.4,1609,1019.1,12,10.3,1200,2.9,20.11,,,,,,.8,0,10.1,-3.8,,,,,,,,,,3.1,4.5,,,
114,원주,2021-03-18,11.5,2.8,649,18.3,1625,,,,,,,6,160,2218,3.2,140,2224,.9,772,140,.7,31,1705,49.6,6.5,1001.3,1022.2,843,1016.3,1612,1019.3,12.1,9.1,1300,2.63,17.37,,,,,,4.9,1.4,10.8,-2.5,,,,,,,,,,3.2,4.6,,,
114,원주,2021-03-19,14.4,10.8,652,19.6,1539,,,,,,,7.4,160,107,4.5,160,58,2.1,1804,140,1.7,28,1455,43.5,6.9,1000.8,1021.7,909,1014.9,1713,1018.6,12.1,9.5,1200,2.72,18.95,,,,,,5.1,2.8,14.8,8.9,,,,,,,,,,4,5.7,,,
114,원주,2021-03-20,9.7,7.8,2344,12.8,1,,,,,,1.6,8.2,160,923,4.6,160,746,1.5,1297,230,3.8,36,648,70.1,8.2,995.2,1017.1,1,1011,1815,1013.2,12.1,0,1200,.39,2.83,,,,,,9.6,8.1,9.6,6.9,,,,,,,,,,.7,.9,,,
114,원주,2021-03-21,6.5,4.8,2349,9.5,1431,,,,,,0,10,290,1603,5.6,270,1414,2.7,2314,270,-.1,41,1929,65.3,6.3,995.6,1018.8,2355,1011.3,1343,1013.9,12.2,3.9,1300,2.23,11.04,,,,,,8.9,7.5,8.5,3.7,,,,,,,,,,2,2.9,,,
114,원주,2021-03-22,6.3,1.7,548,11.1,1258,,,,,,,9.9,290,1516,5.2,250,1423,2.4,2033,230,-6.1,20,1236,43.6,4,1001.6,1022.4,2317,1017.3,1509,1020,12.2,10.7,1200,3.2,21.11,,,,,,1.9,.3,8.1,-1.8,,,,,,,,,,3.2,4.5,,,
114,원주,2021-03-23,8.8,.6,637,16.9,1544,,,,,,,11.2,290,1621,6,290,1653,1.5,1290,230,-2.3,21,1600,49.8,5.2,1002.7,1023.7,812,1017.5,1540,1020.9,12.3,10.9,1200,2.93,20.25,,,,,,.6,0,9.1,-4.7,,,,,,,,,,3.6,5.1,,,
114,원주,2021-03-24,10.1,2.7,621,16.4,1522,,,,,,,6.9,290,1558,2.8,250,1519,1,845,270,-2,17,1940,46.8,5.3,1002.4,1022.8,626,1017.1,1642,1020.6,12.3,8.4,1300,2.95,18.46,,,,,,3.9,.5,10.8,-2.9,,,,,,,,,,3.2,4.6,,,
114,원주,2021-03-25,12.1,5,628,19.1,1516,,,,,,,6.8,270,2005,3.1,270,2005,1.1,931,270,1.2,27,1453,50.5,6.7,1002.8,1022.8,918,1018,1625,1020.8,12.3,10.4,1200,3,21,,,,,,2.9,.5,13,-1,,,,,,,,,,3.7,5.3,,,
114,원주,2021-03-26,12.9,4.6,636,21,1517,,,,,,,3.6,290,1550,2.2,290,1558,.6,487,290,-1.1,15,1344,43.3,5.7,1002.5,1024.4,803,1017.1,1707,1020.5,12.4,8.9,1100,2.76,18,,,,,,3.6,.1,12.4,-1.6,,,,,,,,,,2.9,4.2,,,
114,원주,2021-03-27,12.8,7.9,539,17.8,1031,,,,,,7.8,7.5,200,957,4.3,140,2111,1.6,1384,160,4.3,23,1130,60.5,8.9,993,1019,1,1001.6,2356,1010.8,12.4,.4,1000,1.51,6.49,,,,,,9.6,5.3,10.4,3.3,,,,,,,,,,1.7,2.4,,,
114,원주,2021-03-28,10.6,8.9,1208,15,350,,,,,,4,12.3,290,504,4.3,270,511,1.4,1244,230,8.6,78,656,87.8,11.2,985.3,1005.3,1952,998.9,443,1003.1,12.5,0,1200,.31,1.72,,,,,,9.4,9.4,10.6,8.7,,,,,,,,,,.7,1,,,
114,원주,2021-03-29,11.2,7.7,2355,16.2,1443,,,,,,.9,8.8,270,1401,4.8,270,1408,1.9,1622,270,.3,22,1602,51.6,6.6,990.1,1011.2,2355,1004.4,1,1008,12.5,8,1200,2.81,19.04,,,,,,6,3.1,11.9,1.9,,,,,,,,,,3.2,4.6,,,
114,원주,2021-03-30,11.1,2.6,639,18.6,1555,,,,,,,5,270,1447,2.6,270,1450,.9,774,230,-2.8,17,1420,43.3,5.1,994.5,1015.6,2355,1010,1642,1012.5,12.5,11,1200,3.18,23.46,,,,,,0,0,11.9,-2.7,,,,,,,,,,4.2,6.1,,,
114,원주,2021-03-31,13.5,4,629,22.9,1453,,,,,,,3.2,290,1316,1.7,270,1440,.7,567,20,-2.6,9,1555,39.3,5.2,996.5,1016.3,737,1011.3,1527,1014.4,12.6,11.2,1200,3.11,22.5,,,,,,3.1,0,13,-2.6,,,,,,,,,,4.4,6.3,,,
114,원주,2021-04-01,15.7,7.6,630,22.5,1439,,,,,,,7.6,180,1349,3.1,90,1513,1.4,1168,90,-2.7,14,1039,31.5,5.1,1001.4,1021.9,2259,1015.6,1,1019.2,12.6,9.6,1100,2.9,19.81,,,,,,5.3,1.1,13.6,1.7,,,,,,,,,,4.5,6.4,,,
114,원주,2021-04-02,17.5,9.9,619,24.2,1547,,,,,,,8.1,140,1241,4.8,160,1250,2,1691,140,2.4,19,1128,37.8,7.5,1001.4,1022.7,817,1016.2,1535,1019,12.7,6.9,1200,3.34,19.92,,,,,,6.1,4.4,16.1,4.4,,,,,,,,,,4.7,6.7,,,
114,원주,2021-04-03,15,10.4,2328,19.1,1024,,2.4,2151,9.9,2151,53.5,7.8,140,949,4,140,932,2,1699,20,10.5,52,1,77.1,12.9,994.8,1017.5,1,1009.1,1748,1012.5,12.7,0,1100,.45,2.33,,,,,,8.3,7.1,13.8,9.4,,,,,,,,,,.9,1.3,,,
114,원주,2021-04-04,10.2,6.2,2359,13.7,1432,,.3,200,.6,-2331,1.9,10.3,50,714,5,20,731,2.5,2159,20,3.2,44,1441,63.4,7.8,997.8,1021.7,2352,1010.5,1,1015.9,12.7,1.6,1300,2.72,12.37,,,,,,6.9,6.1,11.9,2.5,,,,,,,,,,2.2,3.2,,,
114,원주,2021-04-05,10.4,2.2,634,17.8,1511,,,,,,,5.4,50,1435,2.4,270,1747,.8,712,50,-2.4,17,1107,46.1,5.2,1004,1025.2,735,1018.8,1644,1022.2,12.8,11.6,1200,3.37,25.15,,,,,,1,.9,12.5,-3.4,,,,,,,,,,4.3,6.1,,,
114,원주,2021-04-06,13.4,6.5,531,20.5,1456,,,,,,,9.7,250,1543,3.7,270,1544,1.4,1191,290,.5,19,1553,44.9,6.4,1001.5,1022.2,727,1015.6,1647,1019.4,12.8,10.5,1100,3.16,22.17,,,,,,5,3.1,13.3,.8,,,,,,,,,,4.5,6.4,,,
114,원주,2021-04-07,13.6,6.2,623,20.6,1534,,,,,,,9.8,290,1624,4.3,270,1833,1.5,1279,270,-.1,17,1619,43.8,6.2,1001,1022,632,1015.5,1651,1018.8,12.9,11.5,1200,3.22,23.76,,,,,,1.8,0,13.7,-.1,,,,,,,,,,4.7,6.8,,,
114,원주,2021-04-08,12.3,5.5,632,18.6,1435,,,,,,,7.1,230,1530,3.7,290,1639,1.2,1052,270,-2.6,16,1645,38.8,5.1,999.8,1019.8,2346,1014.6,1637,1017.8,12.9,11.7,1200,3.33,24.66,,,,,,.1,0,14,-.7,,,,,,,,,,4.6,6.6,,,
114,원주,2021-04-09,11.1,4.7,544,17.5,1620,,0,,0,,0,8.2,140,1825,4.4,160,1708,1.4,1252,140,-.8,26,1336,45.5,5.8,1006.9,1029.8,2355,1019.8,1,1025.1,12.9,8,1100,3.05,18.93,,,,,,4.7,1.9,12.3,-1.3,,,,,,,,,,3.4,4.9,,,
114,원주,2021-04-10,11.9,4.5,636,18.2,1457,,,,,,,8.5,200,11,4.3,160,35,1.3,1085,110,.3,23,1708,47.3,6.2,1012.2,1032.9,857,1027.9,1734,1030.4,13,11.6,1200,3.23,23.88,,,,,,.6,0,14.7,.6,,,,,,,,,,3.6,5.1,,,
114,원주,2021-04-11,14.2,5.7,559,21.5,1446,,,,,,,5.3,290,1554,2.7,290,1534,.8,708,50,1.5,22,1532,46.3,6.9,1011,1032.6,818,1025.8,1716,1029.1,13,11,1200,3.11,22.11,,,,,,1.5,.4,15.9,0,,,,,,,,,,3.8,5.5,,,
114,원주,2021-04-12,14.2,12.3,1539,17.2,1117,,.4,1648,1.7,1640,8.9,9.1,140,1716,4.9,140,1723,1.8,1586,140,5.9,28,834,61.3,9.7,1000.3,1026.7,8,1008.3,2351,1018.1,13.1,0,1000,.94,5.43,,,,,,8.8,4.9,12.5,9.5,,,,,,,,,,1.3,1.8,,,
114,원주,2021-04-13,11.6,6.5,2347,15.9,1325,,.5,305,2,253,6.5,8.4,250,1533,4.6,250,1346,2.2,1892,230,6.4,39,1554,72.4,9.9,994,1017.1,2359,1007.1,218,1011.9,13.1,6.8,1300,2.98,17.1,,,,,,5.9,3.6,14.4,3.8,,,,,,,,,,3,4.2,,,
114,원주,2021-04-14,9.1,3.6,558,15.6,1447,,,,,,,8.8,270,1602,5.3,270,1606,1.7,1489,230,-2.9,17,1519,47.1,5,1000.3,1021,2337,1016.1,1557,1018.5,13.1,12.1,1200,3.46,26.57,,,,,,.8,.5,12.7,-2.9,,,,,,,,,,4.4,6.3,,,
114,원주,2021-04-15,10.8,3.4,522,18.6,1525,,,,,,,6.4,290,1416,3.4,250,1609,1.1,958,320,-1.9,15,1645,47.4,5.4,1000.3,1021.7,643,1014.6,1835,1018.4,13.2,11.1,1200,3.43,25.56,,,,,,3.6,0,13.5,-1.4,,,,,,,,,,4.5,6.4,,,
114,원주,2021-04-16,11.1,7,457,14.1,1553,,0,,0,,0,7.3,230,1204,3.7,230,1212,1.2,1054,230,4.1,41,819,63,8.3,998.3,1018.3,2208,1014.6,759,1016.3,13.2,1.2,1600,.81,5.4,,,,,,7.6,3.8,9.7,2.1,,,,,,,,,,1.2,1.8,,,
114,원주,2021-04-17,8.5,4.7,550,14.4,1128,,1.2,1605,1.2,1515,1.2,13.6,290,1446,4.3,290,1450,1.2,1075,230,1.4,26,1107,63.9,6.9,996.6,1018.4,45,1012,1709,1014.7,13.2,5.9,1000,2.48,14.33,,,,,,4,1.4,9.7,-1.3,,,,,,,,,,2.2,3.1,,,
114,원주,2021-04-18,9.8,4.5,542,15.8,1701,,,,,,,8.4,270,1408,4,270,1542,1.5,1329,230,1.1,28,1518,58,6.6,997.7,1017.9,2358,1013.2,1551,1015.8,13.3,8,1300,3.43,21.37,,,,,,3.6,2.1,12,-.3,,,,,,,,,,3.6,5.2,,,
114,원주,2021-04-19,12.8,4,513,20.6,1530,,,,,,,7.9,200,1648,3.7,270,1623,1.2,1042,230,2,24,1639,52,7.1,999.4,1019.3,2359,1014.1,1632,1017.3,13.3,12.1,1200,3.28,25.29,,,,,,0,0,15.1,-3,,,,,,,,,,4.4,6.3,,,
114,원주,2021-04-20,15.6,6.6,604,23.9,1434,,,,,,,5.3,320,1507,2.9,290,1550,.8,720,110,3.8,22,1355,50.4,8.1,1002.7,1022.2,928,1017.5,1644,1020.4,13.4,11.5,1200,3.24,24.73,,,,,,1.9,0,18,-.3,,,,,,,,,,4.3,6.2,,,
114,원주,2021-04-21,19,9.1,607,28.4,1453,,,,,,,4.1,250,1742,2.2,250,1642,.7,576,270,4.2,11,1534,43.3,8.3,1003.4,1023.8,756,1017.3,1648,1020.9,13.4,11.5,1200,3.23,24.45,,,,,,3.9,.3,20.6,2.6,,,,,,,,,,4.8,6.9,,,
114,원주,2021-04-22,21.5,14.4,520,28.7,1358,,,,,,,7,160,1744,3.8,110,1454,1.6,1409,160,2.5,12,1435,33,7.6,1001.3,1022,335,1015.4,1616,1018.7,13.4,4.9,1200,2.93,18.53,,,,,,9.1,4.5,20.8,10.6,,,,,,,,,,5,7.2,,,
114,원주,2021-04-23,18.7,16,2337,21.2,1,,0,,0,,0,7.8,110,1153,3.7,70,1411,1.3,1133,70,-.4,15,1316,28.4,6,1002.1,1021.7,2327,1017.6,208,1019.6,13.5,0,1100,.92,6.06,,,,,,10,6.3,16.2,12.3,,,,,,,,,,2.6,3.8,,,
114,원주,2021-04-24,17.2,12.8,603,23.3,1429,,,,,,,6.3,270,1514,3.2,320,1530,1,852,20,0,12,1528,34.6,6.3,1001.8,1022.1,817,1017,1752,1019.4,13.5,6.1,1100,3.14,18.74,,,,,,5.8,3,19.2,6.1,,,,,,,,,,4.1,5.9,,,
114,원주,2021-04-25,16.4,9.7,407,21.9,1537,,,,,,,7.3,20,949,3.9,20,1034,1.7,1457,20,2.7,26,1442,42.6,7.5,1001.8,1021.5,2354,1017.1,1520,1019.6,13.5,11.3,1200,3.38,26.03,,,,,,1,.1,21.1,3.5,,,,,,,,,,5,7.1,,,
114,원주,2021-04-26,15.5,8,613,21.5,1617,,,,,,,5.3,290,1653,3.2,290,1659,1.1,970,290,.5,17,1149,40.1,6.5,1003.1,1023.3,724,1018.3,1856,1020.8,13.6,12.5,1200,3.29,26.44,,,,,,3,0,21.1,0,,,,,,,,,,4.7,6.8,,,
114,원주,2021-04-27,15.2,10.3,600,19.5,1512,,0,,0,,0,7.1,230,1525,3.1,200,1531,.9,797,230,5.1,35,1713,52.1,8.8,1000,1021.1,10,1014.8,1603,1017.7,13.6,1,1000,1.53,10.67,,,,,,9,4.4,17.1,5.8,,,,,,,,,,2.3,3.2,,,
114,원주,2021-04-28,15.8,12.5,2312,20.7,1312,,0,,0,,0,9.3,320,1343,3.7,290,1346,1.5,1291,230,3.9,19,1655,49,8.4,998.1,1017.5,818,1014.2,1707,1015.7,13.6,6.8,1100,2.98,20.33,,,,,,6,1.9,19.7,6.7,,,,,,,,,,3.6,5.2,,,
114,원주,2021-04-29,13.7,9.3,506,17.9,1654,,1.2,1317,2.2,2242,4,5.3,340,1213,2.8,20,1335,.9,814,90,5.2,42,907,57.6,8.9,988.6,1014.3,1,1002.9,2358,1006.3,13.7,3.9,1400,2.36,12.73,,,,,,8.6,1.5,17.8,6.1,,,,,,,,,,1.9,2.7,,,
114,원주,2021-04-30,10.7,8,704,13.1,1427,,1.3,413,4.4,337,12.9,8.9,270,522,3.8,290,530,1.2,1027,290,7.4,66,1624,80.9,10.3,986.5,1008.5,2211,995.8,401,1004.3,13.7,.2,1400,.9,5.25,,,,,,9.8,5.1,12.3,6.8,,,,,,,,,,.9,1.3,,,
114,원주,2021-05-01,9.5,7.9,1711,11.2,1026,,1.3,1649,4.8,1606,9.6,6.8,290,1642,3.2,270,1646,.9,799,270,6.8,69,1035,83.9,9.9,987.5,1009.1,2356,1003.5,544,1005.4,13.7,0,1000,.98,4.52,,,,,,9.9,4.4,11.9,6.9,,,,,,,,,,.9,1.4,,,
114,원주,2021-05-02,12.2,7.2,328,18.5,1531,,.1,,.6,-2331,.6,6.6,250,1620,3.1,250,1624,1.1,943,270,4.9,35,1659,64.3,8.7,997.8,1020.2,2340,1009.1,1,1015.7,13.8,10.3,1200,3.38,25.42,,,,,,3.8,1.8,16.3,4.5,,,,,,,,,,4.1,5.8,,,
114,원주,2021-05-03,13.9,6.4,501,20.6,1611,,,,,,,6.7,290,1656,3.2,290,1428,1,872,290,2.9,21,1611,52.4,7.6,1000,1021.1,653,1014.6,1757,1017.8,13.8,12.2,1200,3.51,27.58,,,,,,2.6,0,17.5,-.1,,,,,,,,,,4.5,6.5,,,
114,원주,2021-05-04,14.8,10.1,520,20.8,1625,,.5,1927,1.4,2313,3.4,6.4,140,1756,3.2,110,1917,1,861,50,10.3,53,1633,75.5,12.7,992,1017.7,4,1002.5,2337,1009.6,13.8,.7,1300,1.63,7.06,,,,,,9.3,5.4,15.3,6.8,,,,,,,,,,1.7,2.4,,,
114,원주,2021-05-05,14.6,9,2349,19.4,1420,,1.1,145,2.9,115,5.6,11.4,290,1213,4.6,250,1137,2.1,1833,230,3.2,22,1640,51.8,8.3,994.3,1019.1,2356,1002.4,36,1012,13.9,11.6,1200,3.59,27.31,,,,,,2.6,1.4,18.7,1.9,,,,,,,,,,4.7,6.7,,,
114,원주,2021-05-06,14.7,5.4,544,22.7,1538,,,,,,,6.4,180,1459,3.5,180,1459,1.1,922,20,2.8,25,1324,48.6,7.5,998.2,1020.3,645,1012.5,2355,1016,13.9,11.7,1100,2.86,24,,,,,,5,.1,17.2,-.1,,,,,,,,,,4.2,5.9,,,
114,원주,2021-05-07,14,9.2,515,19.1,929,,3.2,1114,4.9,1040,4.9,10.4,290,1114,5,230,1107,1.8,1557,230,5.5,33,1451,59.4,9.2,989.1,1012.5,1,1002.5,1020,1006.7,13.9,5.6,1400,2.83,13.91,,,,,,6,2.3,15.5,5,,,,,,,,,,2.7,3.9,,,
114,원주,2021-05-08,14.8,7.5,515,22.2,1458,,,,,,,11.2,230,1803,4.8,290,1941,1.9,1610,230,6,31,1622,58,9.4,986.9,1009,107,998.4,1712,1004.5,14,9.5,1200,3.17,23.31,,,,,,2.9,.3,17,2.3,,,,,,,,,,4.3,6.1,,,
114,원주,2021-05-09,15.7,9.2,540,21.7,1424,,,,,,,11.8,290,1156,5.7,270,1546,2.1,1793,270,1.1,19,1610,42.8,6.8,991.5,1012,2353,1006.1,1,1009,14,13,1200,3.53,28.53,,,,,,.3,.3,18.9,3.6,,,,,,,,,,5.7,8.1,,,
114,원주,2021-05-10,11.5,9.2,403,13.2,1212,,.2,,.2,,.2,9.2,230,609,5.4,200,617,.8,672,50,6.7,47,1,72.9,9.9,996.1,1016.5,920,1010.9,301,1014.1,14,0,1100,.78,4.29,,,,,,8.4,5,11.9,3.5,,,,,,,,,,1.2,1.7,,,
114,원주,2021-05-11,17.2,7.9,537,25.6,1516,,,,,,,8.8,140,1812,4,180,1922,1.3,1166,160,4.1,21,1239,48.5,8.3,996.3,1015.7,451,1010.9,1541,1013.8,14.1,11.4,1200,3.46,25.43,,,,,,6.6,.1,19,3.5,,,,,,,,,,5.2,7.4,,,
114,원주,2021-05-12,19.4,12,446,26.7,1657,,,,,,,4.6,320,1658,2.5,110,1016,.9,806,250,4.9,21,1024,41.4,8.9,995,1014.8,317,1008.9,1708,1012.3,14.1,12.3,1000,3.22,25.01,,,,,,3.5,.6,21.8,6.4,,,,,,,,,,5,7.2,,,
114,원주,2021-05-13,21.3,12.8,510,29.3,1615,,,,,,,6.7,360,1338,2.6,270,1516,.8,701,250,10.8,30,1147,54.9,13,993.7,1013.2,658,1008.2,1716,1010.9,14.1,12.9,1200,3.41,27.46,,,,,,.4,0,24.7,7.2,,,,,,,,,,4.9,7,,,
114,원주,2021-05-14,23,15.9,511,29.2,1430,,,,,,,5.1,290,1450,2.5,290,1454,.9,764,290,14.1,39,1721,59.8,16.1,993.7,1013.9,649,1008.5,1727,1010.8,14.1,10.3,1100,3.08,22.28,,,,,,6.9,1.6,24.8,11.3,,,,,,,,,,4,5.6,,,
114,원주,2021-05-15,21.5,19.5,746,23.4,231,,1,2016,1.8,1926,2.1,4.7,160,748,3.1,20,1144,1.1,921,20,16.6,51,230,75,19,989.5,1009.6,1,1003.9,1846,1006.6,14.2,0,1100,1.47,8,,,,,,9.5,5.9,21.6,17.9,,,,,,,,,,1.5,2.1,,,
114,원주,2021-05-16,18.4,13.8,2308,21.9,441,,1.8,327,6.2,1125,45.1,5.8,140,344,3.1,180,602,1.3,1109,360,17.2,84,441,92.9,19.9,984,1004.8,1,999.1,1736,1001.3,14.2,0,1400,.5,2.96,,,,,,7.5,4.8,19.9,13.5,,,,,,,,,,.7,1,,,
114,원주,2021-05-17,15,12.9,220,17,1552,,.7,1411,2.7,1355,10.8,3.4,50,224,2,290,1631,.6,504,320,13.8,88,1600,93.1,15.8,989.2,1010.5,2206,1002.9,1,1006.8,14.2,0,1000,.81,4.21,,,,,,8.5,4.9,17,12.5,,,,,,,,,,.8,1.2,,,
114,원주,2021-05-18,17.4,13.4,449,22.9,1543,,,,,,,4.7,270,1622,2.7,270,1622,.9,766,320,12.7,49,1701,75.8,14.7,992.9,1012.3,853,1008.4,1654,1010.4,14.3,7.1,1300,3.48,21.27,,,,,,4.5,3.5,20.9,9.8,,,,,,,,,,3.5,4.9,,,
114,원주,2021-05-19,19.5,12.4,607,26.3,1500,,,,,,,5.6,200,1508,3.3,200,1527,.8,682,110,10.2,27,1557,60.1,12.5,994.3,1013.6,757,1009.4,1841,1011.7,14.3,11.1,1200,3.58,28.16,,,,,,3.8,1.9,23.1,7.3,,,,,,,,,,5,7.1,,,
114,원주,2021-05-20,18.4,14.5,2327,23,1357,,.6,2319,1.7,2247,2.5,8.8,70,1546,4.1,50,1604,1.1,942,50,10.7,33,1403,64,12.9,987.8,1012,48,999.2,1953,1005.1,14.3,0,1100,1,6.18,,,,,,9.5,5.6,17.4,13.1,,,,,,,,,,1.7,2.5,,,
114,원주,2021-05-21,15.4,12.8,2356,18,1507,,.6,541,2.2,454,8,5.2,20,1256,2.8,20,1245,1.2,1003,20,12.2,61,1757,82.4,14.2,987.9,1010.5,2351,1000.5,307,1005.4,14.3,0,1400,1.06,7.55,,,,,,8,3.1,17.7,7.4,,,,,,,,,,1.4,2.1,,,
114,원주,2021-05-22,18.2,12.6,36,25,1626,,,,,,,5.8,290,1604,2.4,270,1731,.9,786,250,12.1,47,1723,69.8,14.2,993.1,1012.2,2336,1007.7,1604,1010.4,14.4,8.9,1200,3.54,23.81,,,,,,4.6,4.1,20.9,7.9,,,,,,,,,,3.9,5.6,,,
114,원주,2021-05-23,19.7,12.8,520,25.5,1342,,,,,,,5.2,290,1314,2.8,290,1530,.8,668,200,12.4,38,1410,65.3,14.4,993.2,1013.3,657,1007.9,1900,1010.5,14.4,7.8,1000,3.08,21.8,,,,,,7.6,1.3,21.7,7.3,,,,,,,,,,3.5,5,,,
114,원주,2021-05-24,19.5,15.4,2354,24.8,1549,,,,,,,9.3,290,1550,3.3,290,1729,1.2,1017,290,7.4,21,1811,48.4,10.6,989.9,1009.4,2,1004.6,1542,1007.2,14.4,8.1,1300,3.38,23.19,,,,,,4.5,1.9,22.6,9.4,,,,,,,,,,4.5,6.5,,,
114,원주,2021-05-25,14.4,11.3,2342,19.1,1533,,.8,643,2.3,624,3.8,10.3,250,1447,4.3,270,1430,1.4,1240,270,7.3,40,1619,64.8,10.3,989.4,1010.9,2350,1004.7,1414,1007,14.4,6.5,1300,3.01,17.09,,,,,,4.5,1.8,16.4,4.5,,,,,,,,,,3,4.4,,,
114,원주,2021-05-26,16.3,8.5,509,23.2,1504,,0,,0,,0,7.6,200,1412,3.6,200,1420,1.1,921,230,7.2,25,1232,60.9,10.3,990.6,1012.2,714,1004.9,1805,1008.1,14.5,7.2,1100,3.51,21.08,,,,,,7.4,2.5,19.8,3.9,,,,,,,,,,3.7,5.2,,,
114,원주,2021-05-27,15.1,13.2,2353,18.7,1532,,1.1,909,3,819,4.2,6.2,250,1639,2.8,230,1627,.8,712,250,11.6,66,307,80,13.8,984.6,1005.7,2331,1000,736,1002.1,14.5,1.7,1600,1.58,6.49,,,,,,8,5.1,16.4,7.3,,,,,,,,,,1.1,1.6,,,
114,원주,2021-05-28,14.2,11.6,139,18.2,1652,,1.5,936,5.3,936,13.6,11.6,160,1218,4.8,160,1223,1.3,1160,230,10.8,65,1547,81.1,13,983.9,1006.8,535,997.1,1803,1001.5,14.5,2.2,1500,1.99,7.84,,,,,,7.5,4.8,15.8,5.7,,,,,,,,,,1.7,2.5,,,
114,원주,2021-05-29,15.7,12.2,2355,20.7,1113,,.2,,.4,1443,.9,6.9,230,19,2.8,230,20,1.1,945,230,10.5,47,1238,73.1,12.7,989.1,1010.4,2313,1000.9,1,1006.6,14.5,5.1,1000,3.01,14.3,,,,,,5.1,2.4,18.5,7.2,,,,,,,,,,2.1,3,,,
114,원주,2021-05-30,17.8,10.4,609,26.1,1616,,4.4,2053,6.6,2024,7.6,7.7,250,2056,4.1,270,2058,1,871,20,11.1,29,1735,70.5,13.3,992,1011.7,820,1006.2,1708,1009.5,14.5,9.6,1200,3.62,27.82,,,,,,5.5,3.5,23.2,10.3,,,,,,,,,,4.7,6.8,,,
114,원주,2021-05-31,19.4,15.5,154,24,1516,,6.5,24,15.2,8,19.8,4.5,20,1425,2.2,200,46,.9,773,20,14.7,53,1517,76.4,16.8,994.1,1013.1,2201,1010.2,1,1011.4,14.5,3.8,1200,2.46,16.07,,,,,,6.5,5.8,21.5,14.4,,,,,,,,,,2.7,3.9,,,
114,원주,2021-06-01,21,16.8,458,25.5,1246,,0,,0,,0,5.9,290,1258,3.1,290,1259,1.1,910,270,14.7,46,1515,68.5,16.7,996.5,1016.4,644,1012.2,1051,1013.8,14.6,4.5,1200,2.34,17.36,,,,,,8.1,1.6,22.9,12.3,,,,,,,,,,3.4,4.8,,,
114,원주,2021-06-02,23.1,15.7,523,29.3,1627,,,,,,,5.5,250,1714,2.4,290,1658,.9,749,110,13.6,30,1305,58.5,15.6,995.3,1015.5,617,1009.6,1645,1012.4,14.6,12.7,1200,3.41,27.34,,,,,,3.5,1,26.3,11.2,,,,,,,,,,5.2,7.5,,,
114,원주,2021-06-03,19.1,16.1,2356,23.5,1149,,1.3,1310,5,1735,21.5,6,290,2346,2.9,180,1124,.9,756,20,15.1,51,1141,79.4,17.3,987,1011,23,1000.1,2312,1004.2,14.6,1.4,800,1.48,7.72,,,,,,8.8,2.8,21.1,13.6,,,,,,,,,,1.3,1.8,,,
114,원주,2021-06-04,18,13.3,600,24.3,1519,,.6,-2356,2.7,-2333,2.4,8.3,230,1503,3.6,290,1538,1.2,1064,230,10.1,37,1539,63,12.4,984.5,1003.3,827,999.8,1617,1001.7,14.6,9.3,1200,3.62,25.24,,,,,,3.4,2.5,21.7,8.3,,,,,,,,,,4.6,6.6,,,
114,원주,2021-06-05,19.4,13.1,442,26,1659,,,,,,,7.5,290,1626,3.5,290,1840,1.2,1008,270,11.7,38,1701,62.6,13.8,984.2,1003.9,2258,998.7,1729,1001.4,14.6,7.3,1200,3.17,19.12,,,,,,3.1,2.4,20.2,7.5,,,,,,,,,,3.8,5.4,,,
114,원주,2021-06-06,21.5,15.1,342,27.3,1508,,,,,,,7.9,250,1104,3.5,230,1105,1.2,1065,20,14.2,44,1511,65,16.3,989.8,1011.4,2331,1003.8,2,1006.9,14.6,11.8,1200,3.45,27.09,,,,,,3.3,1.3,25.5,10,,,,,,,,,,5.1,7.3,,,
114,원주,2021-06-07,20.5,16.6,454,24.1,1236,,0,,0,,0,4.3,290,1348,2.6,290,1354,.8,704,20,14.1,43,1330,69.3,16.2,996.6,1015.3,2340,1011.1,1,1013.9,14.7,3.9,800,1.8,12.43,,,,,,6.5,3.1,21.3,11.2,,,,,,,,,,2.3,3.3,,,
114,원주,2021-06-08,23.1,17.3,448,29.4,1524,,0,,0,,0,4.7,20,1534,2.7,360,1539,1,857,50,12.8,25,1533,56.6,14.9,998.1,1016.7,656,1013.3,1907,1015.3,14.7,9.9,1200,3.4,25.35,,,,,,6.4,3.9,27.6,13.8,,,,,,,,,,5,7.2,,,
114,원주,2021-06-09,24.8,17.5,544,31.8,1455,,,,,,,5,270,1527,2.6,290,1550,1,848,20,13.7,24,1551,54.3,15.8,997.7,1016.7,724,1012.6,1827,1014.8,14.7,12.7,1200,3.35,27.62,,,,,,4.3,.4,30.1,14.2,,,,,,,,,,5.5,7.8,,,
114,원주,2021-06-10,24.9,19.5,526,31,1341,,.2,,.6,2130,1,6.7,140,2331,3.4,160,2349,1.4,1231,200,15.3,34,1132,58.4,17.5,994.3,1014.5,26,1008.8,2352,1011.3,14.7,4.4,1100,2.61,18.33,,,,,,8.5,.9,27.6,15.2,,,,,,,,,,4.1,5.8,,,
114,원주,2021-06-11,22.3,19.9,730,25.4,1623,,1.1,132,3.4,106,5.8,7.3,90,412,3.3,160,414,1.3,1125,230,17.7,62,1659,76,20.3,992.7,1013.1,2311,1007.4,413,1009.9,14.7,3.6,1300,2.67,13.07,,,,,,7.3,3.8,24.2,15.5,,,,,,,,,,2.3,3.3,,,
114,원주,2021-06-12,23.6,17.6,701,30.3,1448,,,,,,,4.9,250,1457,2.8,290,1631,1,846,20,17.3,41,1337,70.5,19.7,994.3,1014.1,802,1009,1758,1011.3,14.7,8.8,1200,3.62,26.42,,,,,,3.9,1,29.6,14.4,,,,,,,,,,4.9,7,,,
114,원주,2021-06-13,25.5,19.9,504,30.5,1527,,,,,,,5.3,200,1712,2.9,250,1505,1,846,270,18,42,1724,65.5,20.7,990.8,1011,319,1004.6,1806,1007.7,14.7,10.9,1200,3.43,26.97,,,,,,4.8,.8,31.8,15.7,,,,,,,,,,5.1,7.3,,,
114,원주,2021-06-14,25.1,20.4,448,30.5,1344,,,,,,,4.4,290,1755,2.5,250,1531,1,863,20,18.1,42,1348,66.5,20.7,988.3,1007.5,650,1003.1,1738,1005.2,14.7,7.8,1100,3.27,21.02,,,,,,6.1,2.8,28.9,16.9,,,,,,,,,,3.8,5.4,,,
114,원주,2021-06-15,23.1,21.3,2310,24.8,1710,,.3,1059,.6,1059,.7,5.7,180,1449,3.5,20,2309,1.3,1165,140,16.1,55,1701,65.5,18.4,987.4,1005.2,656,1003.1,1726,1004.4,14.7,1.5,1400,1.37,9.09,,,,,,7.6,2.8,24.1,19.9,,,,,,,,,,2.3,3.2,,,
114,원주,2021-06-16,22.3,18.3,530,26.8,1625,,,,,,,10.6,20,1352,5.4,20,1206,2.1,1812,20,14.2,45,1244,61.3,16.2,988.6,1008.3,2206,1003.8,252,1005.6,14.7,9.1,1300,3.44,22.26,,,,,,4.8,2.6,27,15.5,,,,,,,,,,4.6,6.5,,,
114,원주,2021-06-17,20.7,16.8,329,24.4,1515,,.4,2341,.5,2301,.5,3.7,20,112,2.6,20,115,.9,814,20,14.9,58,1243,70.5,17.1,989.1,1008.4,741,1004.2,1735,1006.3,14.7,.3,1200,1.87,11.91,,,,,,9.9,4.8,24.3,15.2,,,,,,,,,,2.1,2.9,,,
114,원주,2021-06-18,20.7,19.3,550,22.9,1730,,.4,642,.7,559,2.2,4.8,230,1552,1.9,250,1332,.8,655,250,18.1,75,1733,85.3,20.7,984.3,1004.4,5,999.5,1704,1001.4,14.7,.3,1600,.9,7.76,,,,,,8.6,4.9,22.7,18.7,,,,,,,,,,1.6,2.3,,,
114,원주,2021-06-19,22.7,18.2,554,27.6,1427,,,,,,,5.4,270,1413,2.9,290,1416,1,891,230,15.5,38,1552,65.6,17.6,983.9,1002.4,2319,999.2,1725,1000.9,14.7,10.9,1200,3.59,28.06,,,,,,4.1,.9,29,16.3,,,,,,,,,,5.2,7.4,,,
114,원주,2021-06-20,23.6,16.7,500,29.2,1440,,0,,0,,0,7.8,250,1719,3.1,230,1512,1.3,1080,230,14.1,31,1159,59.4,16.3,983.9,1002.7,604,998.7,1814,1000.8,14.7,11.5,1100,3.24,24,,,,,,2.6,.3,29,12.6,,,,,,,,,,4.6,6.5,,,
114,원주,2021-06-21,22.7,19.4,2324,28.1,1730,,.3,1411,.3,1345,.3,7.5,20,1950,3.7,20,1954,1.3,1121,230,15.3,36,1739,65.3,17.5,987.1,1007.7,2303,1001.7,14,1004.1,14.7,7.6,1200,2.86,20.45,,,,,,6.5,2.1,26.2,16.7,,,,,,,,,,4,5.7,,,
114,원주,2021-06-22,21.6,16.7,2111,28.2,1459,,20,2042,60.8,2005,67.4,8,90,2102,4.4,90,2107,1.2,1019,50,14.8,36,1446,68.6,16.8,991.5,1011.3,2123,1006.4,1628,1008.7,14.7,8.1,1400,2.96,23.03,,,,,,7.5,1.9,28.3,15.3,,,,,,,,,,4,5.7,,,
114,원주,2021-06-23,19.7,17.5,17,24.8,1224,,1,1427,1.2,1353,1.3,6.6,110,1319,3.5,20,1603,1,842,50,16.3,52,1053,82,18.5,993.6,1012.9,2246,1009.8,1231,1010.9,14.8,2.9,1000,3.06,13.35,,,,,,7,4.8,22.7,15.5,,,,,,,,,,2.3,3.3,,,
114,원주,2021-06-24,22.4,16.3,628,28,1444,,,,,,,3.7,360,1042,2,230,1318,.9,812,20,15.8,40,1528,69,18,994,1013.3,704,1008.4,1805,1011.2,14.7,10.1,1400,3.46,25.94,,,,,,5.9,2.9,26.3,16.7,,,,,,,,,,4.8,6.8,,,
114,원주,2021-06-25,24.1,19,442,29.1,1627,,,,,,,5.4,290,1517,2.5,290,1525,1.1,923,20,16.9,43,1508,66.3,19.3,993.2,1012.4,708,1007.8,1728,1010.2,14.7,10.7,1300,2.78,25.24,,,,,,5.5,1.9,27.1,16.2,,,,,,,,,,4.3,6.2,,,
114,원주,2021-06-26,20.5,18,543,23,2,,2.6,221,8.5,137,14.3,6.3,200,112,3.3,230,118,.9,756,50,17.1,68,1612,81.6,19.5,993.6,1012.5,841,1009.2,1704,1010.8,14.7,0,1100,1.37,9.2,,,,,,9,5.9,22.7,17.4,,,,,,,,,,1.9,2.8,,,
114,원주,2021-06-27,23.5,18.4,507,28.9,1311,,0,,0,,0,5.8,200,1521,2.6,360,958,1,862,50,16.9,43,1312,68,19.2,990.4,1010.1,1,1005.2,1722,1007.4,14.7,7.1,1100,3.14,19.42,,,,,,7,3.1,24.9,15.8,,,,,,,,,,3.6,5.1,,,
114,원주,2021-06-28,23.2,20.6,607,27.4,1303,,.4,1420,.5,1420,.5,5.3,140,1914,3.1,160,1852,1.2,1020,20,17.3,47,1313,70,19.7,988.4,1006.9,532,1003.5,1708,1005.4,14.7,5.9,1200,3.05,18.5,,,,,,7.8,2.9,24.5,17.8,,,,,,,,,,3.3,4.8,,,
114,원주,2021-06-29,23.2,20,527,28.8,1501,,1.5,1737,1.9,1719,2,5.8,180,1744,3.3,180,1750,.9,789,110,18.4,50,1459,76,21.1,988.6,1007.3,2337,1003.6,1548,1005.6,14.7,3.9,1100,3.18,17.82,,,,,,7.8,4.4,26.4,17.9,,,,,,,,,,3.2,4.5,,,
114,원주,2021-06-30,23,20.1,522,29.2,1457,,5.3,13,10.9,10,13.1,6.5,110,1735,3.6,70,1738,1,850,50,18.8,52,1542,78.9,21.8,990,1008.6,1001,1005.2,1714,1007,14.7,6.6,1200,3.03,20.99,,,,,,7.1,2.8,26.9,18.3,,,,,,,,,,3.8,5.5,,,
114,원주,2021-07-01,25,19,518,31.3,1527,,0,,0,,0,4.7,110,1819,2.6,320,1524,1,881,20,18.4,44,1331,70,21.3,989.8,1008.4,646,1004.4,1641,1006.7,14.7,10.5,1200,3.43,26.28,,,,,,3.5,1.3,28.1,17.9,,,,,,,,,,4.7,6.8,,,
114,원주,2021-07-02,24.6,21.1,538,29.9,1620,,,,,,,6.3,160,1834,2.9,160,1816,1.1,913,50,17.5,45,1702,65.9,20,992.1,1011.4,2315,1007.4,1,1009.1,14.7,5.6,1300,3.37,16.92,,,,,,5.9,1.1,27.2,18.4,,,,,,,,,,3.4,4.8,,,
114,원주,2021-07-03,22,19.7,456,26.2,1002,,1.8,2346,5.8,1642,22.3,6.3,110,1115,3.2,90,1115,1.5,1295,320,17.2,54,1041,76,19.7,990.1,1011,9,1002.2,2358,1007.3,14.7,1,900,1.7,8.12,,,,,,8.2,,23.1,16.9,,,,,,,,,,1.7,2.4,,,
114,원주,2021-07-04,22.1,20,106,23.9,1528,,4.8,54,11.9,20,17.3,5.1,180,2112,3.1,360,31,.9,790,250,20.2,79,1651,89.8,23.8,987.5,1009.8,2328,999.7,410,1004.5,14.7,0,1500,.36,2.32,,,,,,8.9,7.8,22.9,19.6,,,,,,,,,,.9,1.2,,,
114,원주,2021-07-05,22.6,19.4,415,26.2,1511,,.1,,.1,,.1,3.4,250,1308,1.9,290,1403,.8,682,200,18.1,59,1431,76.6,20.8,992.6,1011.3,951,1008.3,1812,1009.7,14.7,2,1300,2.33,13.75,,,,,,9.5,5,25.3,19,,,,,,,,,,2.6,3.7,,,
114,원주,2021-07-06,24.8,20,459,29.2,1404,,,,,,,5,230,1534,3,290,1454,.8,717,20,19.2,52,1408,73.3,22.4,990.1,1008.7,16,1005.5,1315,1007,14.6,5.9,1200,2.98,19.96,,,,,,9,1.9,27,17.3,,,,,,,,,,3.5,5.1,,,
114,원주,2021-07-07,25.3,21.9,542,28.4,1441,,4.2,113,11.8,55,21.4,4.2,290,1507,2.1,270,1513,.7,609,250,21.2,61,1112,79.4,25.2,990.1,1008.8,945,1004.7,1745,1007,14.6,1.6,1000,2.02,14.26,,,,,,9.3,3.9,28.3,21.8,,,,,,,,,,2.4,3.5,,,
114,원주,2021-07-08,25.7,21.7,2204,30.6,1617,,16.4,2154,46.6,2137,80.4,5.5,250,2033,3.3,250,2039,1,872,230,21.3,52,1537,78.9,25.4,987.9,1006.2,838,1002.4,1721,1004.8,14.6,6.3,1300,3.02,19.5,,,,,,8.5,4.3,29.7,21.5,,,,,,,,,,3.5,5.1,,,
114,원주,2021-07-09,24.4,21.3,228,29.5,1548,,3.9,1802,8.7,1748,17.6,5.7,200,1819,3.3,200,1853,.8,730,250,21,56,1620,82.9,24.9,988.3,1007.1,2338,1002.9,1606,1005.2,14.6,4.5,1100,3.17,18.82,,,,,,7.5,3.4,27.3,21,,,,,,,,,,3.4,4.9,,,
114,원주,2021-07-10,23.9,22,1540,29.3,1322,,9,1523,20,1453,23.3,7.3,320,1455,3.4,360,1458,.8,686,20,21,58,1244,84.3,24.9,990.6,1009.7,2231,1005.4,1415,1007.5,14.6,5.7,1200,2.63,16.87,,,,,,7.6,3.9,26.1,21.2,,,,,,,,,,2.8,4,,,
114,원주,2021-07-11,23.7,21.7,2301,26.9,1200,,1.5,1407,2.1,124,8.2,4.1,290,1459,2.3,250,1515,.6,560,290,21.5,74,1201,88,25.6,993.2,1011.2,1903,1009.2,457,1010.3,14.6,.4,1300,1.08,6.96,,,,,,7.9,5,25.4,20.5,,,,,,,,,,1.7,2.4,,,
114,원주,2021-07-12,26.2,21.3,600,32,1446,,,,,,,3.5,270,1356,1.8,200,1547,.7,613,90,20.8,49,1606,74,24.5,993.3,1012.2,647,1008.3,1738,1010.2,14.6,10.3,1400,3.01,25.27,,,,,,5.4,2,29.8,20.8,,,,,,,,,,4.5,6.4,,,
114,원주,2021-07-13,28.4,23.6,405,33.7,1525,,,,,,,5.3,290,1357,2.7,290,1436,.9,754,50,22.1,45,1540,70.9,26.7,992.9,1011.2,2334,1008.1,1600,1009.7,14.5,11.1,1100,3.33,25.93,,,,,,5.8,1.4,30.9,22.2,,,,,,,,,,5.1,7.3,,,
114,원주,2021-07-14,28.9,24.4,457,33.8,1556,,,,,,,5.9,290,1731,3.3,290,1731,.9,795,230,22.2,46,1541,68.9,26.7,995.3,1013.7,2357,1010.7,1541,1012.1,14.5,11.3,1100,3.47,27.37,,,,,,5.1,2.3,32.9,22.4,,,,,,,,,,5.1,7.3,,,
114,원주,2021-07-15,26.7,23.5,2357,32.4,1100,,1.2,1308,3,1305,3,8.1,200,1232,4.1,200,1239,1,862,20,22.1,55,1101,76.9,26.7,997.7,1016.3,2358,1013.6,42,1014.6,14.5,4.7,1000,3.16,13.68,,,,,,5.5,2.5,28.2,21.4,,,,,,,,,,2.9,4.1,,,
114,원주,2021-07-16,26.3,21.9,547,32.9,1332,,1.6,1921,1.7,1920,1.8,6.5,110,1924,3.2,140,1520,.8,709,110,21.5,51,1359,76.5,25.7,997.6,1017,509,1011.9,1820,1014.6,14.5,8.5,1200,3.39,21.52,,,,,,5.3,1.3,28.9,20.3,,,,,,,,,,3.8,5.5,,,
114,원주,2021-07-17,26.7,21.8,453,31.8,1417,,,,,,,6,160,1330,3.1,160,1614,1.1,936,20,19.7,47,1308,67.3,22.9,995.4,1014.5,15,1009.9,1732,1012.3,14.5,8.1,1200,3.1,22.26,,,,,,6.3,2.8,29.1,19.7,,,,,,,,,,4.3,6.2,,,
114,원주,2021-07-18,27.3,22.5,526,32.2,1429,,.2,,.2,,.2,7.2,140,2142,3.1,160,2110,1.1,982,20,19.9,44,1408,66.4,23.3,994.8,1012.9,612,1009.4,1702,1011.7,14.4,12.3,1100,3.29,25.83,,,,,,6.4,2,31.9,20.2,,,,,,,,,,5,7.2,,,
114,원주,2021-07-19,26.9,23.4,550,31.7,1505,,,,,,0,4.4,290,1640,2.5,290,1815,.9,794,50,20.9,48,1521,71.1,24.8,996.4,1015,2340,1012,1444,1013.3,14.4,3.8,1000,2.31,17.25,,,,,,7.4,3.5,31,22.2,,,,,,,,,,,,,,
